Sub-Category,Sales,Profit,Quantity
Accessories,167380.3180,41936.6357,2976
Appliances,108213.1850,18329.4844,1750
Art,27659.0140,6653.1962,3092
Binders,207354.8810,31426.1003,6071
Bookcases,115361.2043,-3632.0736,878
Chairs,335768.2490,27223.5323,2431
Copiers,150745.2900,56093.9365,242
Envelopes,16528.3620,6988.0247,914
Fasteners,8532.2400,2428.6358,980
Furnishings,95598.1260,13891.7430,3799
Labels,12695.0420,5572.7780,1410
Machines,189925.0310,3461.9769,442
Paper,79540.5380,34511.5070,5207
Phones,331842.6400,45050.8265,3357
Storage,224644.5540,21285.1115,3191
Supplies,46725.4980,-1171.3945,653
Tables,208020.1820,-17753.2061,1261
